timestep,reward
8,12.795918367346934
1643,12.377551020408166
